,count,unique,top,freq,mean,std,min,25%,50%,75%,max
Furo,470,470,Furo 470,1,,,,,,,
X,470.0,,,,111.08936170212766,70.89468219369046,8.0,51.0,89.0,170.0,251.0
Y,470.0,,,,141.22127659574468,77.96895379121402,8.0,80.0,139.5,208.0,291.0
CU(%),470.0,,,,4.352987234042553,2.998823019980867,0.0,1.846,4.24,6.4085,15.281
AU(PPM),470.0,,,,-42.195484468085105,49.37235109293936,-99.0,-99.0,0.025300000000000003,0.42862500000000003,5.1901
